{
  "session_id": "session_1775272279",
  "start_time": 1775272279.6734505,
  "duration": 66.47127985954285,
  "total_frames": 281,
  "total_predictions": 21,
  "export_timestamp": "20260404_084226"
}