{
  "session_id": "session_1775241112",
  "start_time": 1775241112.288766,
  "duration": 153.13133192062378,
  "total_frames": 598,
  "total_predictions": 66,
  "export_timestamp": "20260404_000425"
}