{
  "session_id": "session_1774870702",
  "start_time": 1774870702.3606844,
  "duration": 256.575537443161,
  "total_frames": 1144,
  "total_predictions": 116,
  "export_timestamp": "20260330_171238"
}