{
  "session_id": "session_1775132645",
  "start_time": 1775132645.4067826,
  "duration": 76.40380620956421,
  "total_frames": 357,
  "total_predictions": 31,
  "export_timestamp": "20260402_175521"
}