{
  "session_id": "session_1774871313",
  "start_time": 1774871313.356808,
  "duration": 70.41572284698486,
  "total_frames": 221,
  "total_predictions": 23,
  "export_timestamp": "20260330_171943"
}