{
  "session_id": "session_1775272381",
  "start_time": 1775272381.627187,
  "duration": 54.07633423805237,
  "total_frames": 285,
  "total_predictions": 19,
  "export_timestamp": "20260404_084355"
}