{
  "session_id": "session_1775126835",
  "start_time": 1775126835.1254995,
  "duration": 98.19844627380371,
  "total_frames": 578,
  "total_predictions": 41,
  "export_timestamp": "20260402_161853"
}