{
  "session_id": "session_1775289051",
  "start_time": 1775289051.6763904,
  "duration": 46.65680456161499,
  "total_frames": 168,
  "total_predictions": 13,
  "export_timestamp": "20260404_132138"
}