{
  "session_id": "session_1775284346",
  "start_time": 1775284346.9799337,
  "duration": 172.91733932495117,
  "total_frames": 905,
  "total_predictions": 72,
  "export_timestamp": "20260404_120519"
}