{
  "session_id": "session_1775289485",
  "start_time": 1775289485.6559322,
  "duration": 40.1614134311676,
  "total_frames": 121,
  "total_predictions": 11,
  "export_timestamp": "20260404_132845"
}