{
  "session_id": "session_1774789015",
  "start_time": 1774789015.3414996,
  "duration": 180.55575823783875,
  "total_frames": 431,
  "total_predictions": 21,
  "export_timestamp": "20260329_182954"
}