{
  "session_id": "session_1775271776",
  "start_time": 1775271776.6797798,
  "duration": 57.47244882583618,
  "total_frames": 253,
  "total_predictions": 18,
  "export_timestamp": "20260404_083354"
}