{
  "session_id": "session_1775214056",
  "start_time": 1775214056.388321,
  "duration": 124.16632103919983,
  "total_frames": 507,
  "total_predictions": 51,
  "export_timestamp": "20260403_163300"
}